﻿<?xml version="1.0" encoding="UTF-8"?>
<root>
	<dcdiag language="en">
		<messages>
			<global>Starting test.*?:\s+(.*?)\n.*?(passed|warning|failed)</global>
			<ok>passed</ok>
			<warning>warning</warning>
			<critical>failed</critical>
		</messages>
	</dcdiag>
	<dcdiag language="fr">
		<messages>
			<global>D.marrage du test.*?:\s+(.*?)\n.*?(a r.ussi|a .chou.|warning)</global>
			<ok>a r.ussi</ok>
			<warning>warning</warning>
			<critical>a .chou.</critical>
		</messages>
	</dcdiag>
</root>